Name,Country,Age
Shad,Iraq,18
Patrick,Cook Islands,17
Tyrone,"Virgin Islands, United States",25
Stephen,"Saint Helena, Ascension and Tristan da Cunha",13
Malcolm,Chile,23
Francis,Tokelau,19
Lawrence,Senegal,23
Hakeem,Sweden,24
Slade,Burkina Faso,26
Branden,Bulgaria,23
Lucian,Panama,19
Cody,Somalia,23
Isaiah,Turkey,18
Branden,Greece,10
Jeremy,Brazil,29
Ethan,Barbados,21
Carlos,Armenia,30
Rajah,Hong Kong,19
Patrick,Canada,29
Emery,"Congo, the Democratic Republic of the",13
Amery,Marshall Islands,13
Bruce,Zimbabwe,22
Emmanuel,Liberia,12
Clinton,Kazakhstan,18
Cody,Cyprus,25
Dominic,Greece,28
Russell,Kenya,27
Kasper,Saudi Arabia,25
Drew,Papua New Guinea,14
Richard,Bahrain,27
Burton,Belgium,23
Hoyt,Dominica,22
Ashton,Cuba,17
Elvis,Cayman Islands,15
Dieter,Afghanistan,18
Barry,Japan,10
Jerome,Vanuatu,21
Howard,Slovakia,13
Honorato,Kiribati,14
Micah,Nepal,28
Keaton,Costa Rica,14
Conan,Curaçao,14
Herrod,Somalia,20
Mufutau,Curaçao,20
Paki,Kenya,26
Justin,India,18
Philip,Iraq,21
Dillon,Qatar,10
Chester,Jordan,26
Leonard,Tanzania,11
Cole,Kiribati,17
Jermaine,Burundi,30
Rafael,South Sudan,26
Cameron,Montenegro,16
Lamar,Isle of Man,29
Rudyard,France,16
Donovan,Rwanda,13
Leonard,Lesotho,25
Lawrence,Central African Republic,10
Gareth,Cambodia,30
Neil,Armenia,22
Leonard,Saint Pierre and Miquelon,15
Quinn,Bolivia,21
Eagan,Guinea-Bissau,12
Amal,Vanuatu,15
Raphael,Moldova,11
Marvin,Saint Martin,25
Alvin,Botswana,13
Barrett,Viet Nam,12
Lyle,Mali,24
Ivor,Moldova,14
Caldwell,Heard Island and Mcdonald Islands,20
Damon,Spain,11
Arden,Sierra Leone,12
Dominic,Belarus,21
Gray,Falkland Islands,11
Merritt,Nepal,17
Gannon,Equatorial Guinea,16
Hakeem,Albania,26
Josiah,Timor-Leste,12
Declan,Sao Tome and Principe,16
Hilel,Burundi,17
Ian,Zimbabwe,17
Guy,Vanuatu,25
Fulton,Iceland,28
Chancellor,New Zealand,30
Igor,Zambia,17
Armando,Italy,10
Alfonso,Turkmenistan,22
Owen,Singapore,20
Castor,Norway,11
Kenneth,Northern Mariana Islands,27
Maxwell,Chile,12
Gareth,Mauritius,17
Ross,Australia,24
Ferdinand,Tanzania,13
Slade,Dominica,25
Garrison,Grenada,15
Luke,Dominica,23
Guy,Japan,27